{"stats":{"minecraft:custom":{"minecraft:jump":106,"minecraft:time_since_rest":16062,"minecraft:crouch_one_cm":91,"minecraft:sprint_one_cm":9359,"minecraft:play_time":16062,"minecraft:time_since_death":16062,"minecraft:walk_one_cm":3573,"minecraft:sneak_time":21,"minecraft:total_world_time":16062,"minecraft:fall_one_cm":267,"minecraft:fly_one_cm":65145},"minecraft:mined":{"minecraft:grass":3},"minecraft:used":{"minecraft:goat_horn":9},"minecraft:picked_up":{"minecraft:sugar_cane":6}},"DataVersion":3465}