{"stats":{"minecraft:custom":{"minecraft:jump":132,"minecraft:time_since_rest":28620,"minecraft:crouch_one_cm":91,"minecraft:leave_game":2,"minecraft:play_time":28620,"minecraft:sprint_one_cm":11546,"minecraft:time_since_death":28620,"minecraft:walk_one_cm":4378,"minecraft:sneak_time":21,"minecraft:total_world_time":28620,"minecraft:fall_one_cm":267,"minecraft:fly_one_cm":72609},"minecraft:mined":{"minecraft:grass":3},"minecraft:used":{"minecraft:goat_horn":9},"minecraft:picked_up":{"minecraft:sugar_cane":6}},"DataVersion":3465}