{"stats":{"minecraft:killed":{"minecraft:rabbit":1,"minecraft:spider":2,"minecraft:zombie":1,"minecraft:polar_bear":1},"minecraft:mined":{"minecraft:grass":3},"minecraft:custom":{"minecraft:time_since_rest":105266,"minecraft:sprint_one_cm":26645,"minecraft:crouch_one_cm":207,"minecraft:play_time":105266,"minecraft:walk_one_cm":15506,"minecraft:bell_ring":3,"minecraft:sneak_time":95,"minecraft:mob_kills":5,"minecraft:jump":302,"minecraft:damage_dealt":145,"minecraft:leave_game":5,"minecraft:walk_on_water_one_cm":293,"minecraft:time_since_death":105266,"minecraft:total_world_time":105266,"minecraft:fall_one_cm":267,"minecraft:fly_one_cm":167903},"minecraft:used":{"minecraft:tadpole_bucket":1,"minecraft:snow":18,"minecraft:bow":23,"minecraft:grass_block":1,"minecraft:goat_horn":9},"minecraft:picked_up":{"minecraft:salmon":2,"minecraft:rabbit_hide":1,"minecraft:rabbit":1,"minecraft:sugar_cane":6,"minecraft:spider_eye":1,"minecraft:string":3}},"DataVersion":3465}