{"stats":{"minecraft:picked_up":{"minecraft:sugar_cane":6},"minecraft:used":{"minecraft:goat_horn":9},"minecraft:custom":{"minecraft:jump":187,"minecraft:time_since_rest":38855,"minecraft:crouch_one_cm":91,"minecraft:leave_game":2,"minecraft:play_time":38855,"minecraft:sprint_one_cm":17143,"minecraft:time_since_death":38855,"minecraft:walk_one_cm":5409,"minecraft:sneak_time":21,"minecraft:total_world_time":38855,"minecraft:fall_one_cm":267,"minecraft:fly_one_cm":120694},"minecraft:mined":{"minecraft:grass":3}},"DataVersion":3465}