{"stats":{"minecraft:picked_up":{"minecraft:sugar_cane":6},"minecraft:used":{"minecraft:tadpole_bucket":1,"minecraft:snow":18,"minecraft:goat_horn":9,"minecraft:grass_block":1},"minecraft:custom":{"minecraft:jump":197,"minecraft:time_since_rest":50855,"minecraft:crouch_one_cm":124,"minecraft:leave_game":2,"minecraft:play_time":50855,"minecraft:sprint_one_cm":17819,"minecraft:walk_on_water_one_cm":293,"minecraft:time_since_death":50855,"minecraft:walk_one_cm":9658,"minecraft:sneak_time":42,"minecraft:total_world_time":50855,"minecraft:fall_one_cm":267,"minecraft:fly_one_cm":121519},"minecraft:mined":{"minecraft:grass":3}},"DataVersion":3465}