{"stats":{"minecraft:killed_by":{"minecraft:player":1},"minecraft:custom":{"minecraft:jump":80,"minecraft:time_since_rest":6797,"minecraft:leave_game":1,"minecraft:damage_dealt":203,"minecraft:crouch_one_cm":77,"minecraft:deaths":1,"minecraft:sprint_one_cm":4764,"minecraft:play_time":7888,"minecraft:damage_taken":252,"minecraft:time_since_death":6771,"minecraft:walk_one_cm":2767,"minecraft:sneak_time":35,"minecraft:total_world_time":7888,"minecraft:fall_one_cm":3877,"minecraft:fly_one_cm":6435}},"DataVersion":3465}