{
  "minecraft:recipes/decorations/crafting_table": {
    "criteria": {
      "unlock_right_away": "2024-07-22 20:59:26 +0000"
    },
    "done": true
  },
  "minecraft:adventure/adventuring_time": {
    "criteria": {
      "minecraft:beach": "2024-07-22 21:31:23 +0000",
      "minecraft:stony_shore": "2024-07-22 21:31:05 +0000",
      "minecraft:forest": "2024-07-22 20:59:28 +0000",
      "minecraft:plains": "2024-07-22 21:29:11 +0000"
    },
    "done": false
  },
  "minecraft:adventure/root": {
    "criteria": {
      "killed_something": "2024-07-22 21:29:45 +0000"
    },
    "done": true
  },
  "DataVersion": 3465
}