{
  "minecraft:recipes/decorations/crafting_table": {
    "criteria": {
      "unlock_right_away": "2024-07-22 21:28:51 +0000"
    },
    "done": true
  },
  "minecraft:adventure/root": {
    "criteria": {
      "killed_by_something": "2024-07-22 21:29:45 +0000"
    },
    "done": true
  },
  "minecraft:adventure/adventuring_time": {
    "criteria": {
      "minecraft:stony_shore": "2024-07-22 21:29:06 +0000",
      "minecraft:forest": "2024-07-22 21:28:52 +0000",
      "minecraft:plains": "2024-07-22 21:29:09 +0000"
    },
    "done": false
  },
  "DataVersion": 3465
}